<?xml version="1.0" encoding="UTF-8"?>
<project-private xmlns="http://www.netbeans.org/ns/project-private/1">
    <editor-bookmarks xmlns="http://www.netbeans.org/ns/editor-bookmarks/2" lastBookmarkId="0"/>
    <open-files xmlns="http://www.netbeans.org/ns/projectui-open-files/2">
        <group>
            <file>file:/C:/Users/Justin/Documents/Trabajos%20Semestre%204/Computacion%20Paralela/Proyectos%20Java/Proyecto%20Pago%20Tarjeta/src/Subproceso.java</file>
            <file>file:/C:/Users/Justin/Documents/Trabajos%20Semestre%204/Computacion%20Paralela/Proyectos%20Java/Proyecto%20Pago%20Tarjeta/src/SuperInterface.java</file>
        </group>
    </open-files>
</project-private>
