{ "backgroundcolor":"#5c94fc",
 "height":14,
 "infinite":false,
 "layers":[
        {
         "data":[0, 0, 0, 0, 0, 0, 0, 0, 0, 0, 0, 0, 0, 0, 0, 0, 0, 0, 0, 0, 0, 0, 0, 0, 0, 0, 0, 0, 0, 0, 0, 0, 0, 0, 0, 0, 0, 0, 0, 0, 0, 0, 0, 0, 0, 0, 0, 0, 0, 0, 0, 0, 0, 0, 0, 0, 0, 0, 0, 0, 0, 0, 0, 0, 0, 0, 0, 0, 0, 0, 0, 0, 0, 0, 0, 0, 0, 0, 0, 0, 0, 0, 0, 0, 0, 0, 0, 0, 0, 0, 0, 0, 0, 0, 0, 0, 0, 0, 0, 0, 0, 0, 0, 0, 0, 0, 0, 0, 0, 0, 0, 0, 0, 0, 0, 0, 0, 0, 0, 0, 0, 0, 0, 0, 0, 0, 0, 0, 0, 0, 0, 0, 0, 0, 0, 0, 0, 0, 0, 0, 0, 0, 0, 0, 0, 0, 0, 0, 0, 0, 0, 0, 0, 0, 0, 0, 0, 0, 0, 0, 0, 0, 0, 0, 0, 0, 0, 0, 0, 0, 0, 0, 0, 0, 0, 0, 0, 0, 0, 0, 0, 0, 0, 0, 0, 0, 0, 0, 0, 0, 0, 0, 0, 0, 0, 0, 0, 0, 0, 0, 0, 0, 0, 0, 0, 0, 0, 0, 0, 0, 0, 0, 0, 0, 0, 0, 0, 0, 0, 0, 0, 0, 0, 0, 0, 0, 0, 0, 0, 0, 0, 4, 5, 6, 0, 0, 0, 0, 0, 0, 0, 0, 0, 0, 0, 0, 0, 0, 4, 5, 5, 6, 0, 0, 0, 0, 0, 0, 0, 0, 0, 0, 0, 0, 0, 0, 0, 0, 0, 0, 0, 0, 0, 0, 0, 0, 0, 0, 0, 4, 5, 6, 0, 0, 0, 0, 0, 0, 0, 0, 0, 0, 0, 0, 0, 0, 4, 5, 5, 6, 0, 0, 0, 0, 0, 0, 0, 0, 0, 0, 0, 0, 0, 0, 0, 0, 0, 0, 0, 0, 0, 0, 0, 0, 0, 0, 0, 4, 5, 6, 0, 0, 0, 0, 0, 0, 0, 0, 0, 0, 0, 0, 0, 0, 4, 5, 5, 6, 0, 0, 0, 0, 0, 0, 0, 0, 0, 0, 0, 0, 0, 0, 0, 0, 0, 0, 0, 0, 0, 0, 0, 0, 0, 0, 0, 4, 5, 6, 0, 0, 0, 0, 0, 0, 0, 0, 0, 0, 0, 0, 0, 0, 4, 5, 5, 6, 0, 0, 0, 0, 0, 0, 0, 0, 0, 0, 0, 0, 0, 0, 161, 0, 0, 0, 0, 0, 0, 0, 0, 0, 0, 0, 0, 0, 0, 0, 0, 0, 0, 0, 0, 0, 4, 5, 6, 0, 0, 0, 0, 0, 0, 0, 0, 20, 21, 22, 0, 0, 0, 0, 0, 4, 5, 5, 5, 6, 0, 0, 0, 0, 20, 21, 21, 22, 0, 0, 0, 0, 0, 0, 0, 0, 0, 0, 0, 0, 0, 0, 0, 0, 4, 5, 6, 0, 0, 0, 0, 0, 0, 0, 0, 20, 21, 22, 0, 0, 0, 0, 0, 4, 5, 5, 5, 6, 0, 0, 0, 0, 20, 21, 21, 22, 0, 0, 0, 0, 0, 0, 0, 0, 0, 0, 0, 0, 0, 0, 0, 0, 4, 5, 6, 0, 0, 0, 0, 0, 0, 0, 0, 20, 21, 22, 0, 0, 0, 0, 0, 4, 5, 5, 5, 6, 0, 0, 0, 0, 20, 21, 21, 22, 0, 0, 0, 0, 0, 0, 0, 0, 0, 0, 0, 0, 0, 0, 0, 0, 4, 5, 6, 0, 0, 0, 0, 0, 0, 0, 0, 20, 21, 22, 0, 0, 0, 0, 0, 4, 5, 5, 5, 6, 0, 0, 0, 0, 20, 21, 21, 22, 0, 0, 0, 0, 0, 0, 0, 0, 0, 0, 0, 0, 0, 0, 177, 0, 4, 5, 6, 0, 0, 0, 0, 0, 0, 0, 0, 0, 0, 0, 0, 0, 0, 0, 0, 0, 20, 21, 22, 0, 0, 0, 0, 0, 0, 0, 0, 0, 0, 0, 0, 0, 0, 0, 0, 20, 21, 21, 21, 22, 0, 0, 0, 0, 0, 0, 0, 0, 0, 0, 0, 0, 0, 0, 0, 0, 0, 0, 0, 0, 0, 0, 0, 0, 20, 21, 22, 0, 0, 0, 0, 0, 0, 0, 0, 0, 0, 0, 0, 0, 0, 0, 0, 20, 21, 21, 21, 22, 0, 0, 0, 0, 0, 0, 0, 0, 0, 0, 0, 0, 0, 0, 0, 0, 0, 0, 0, 0, 0, 0, 0, 0, 20, 21, 22, 0, 0, 0, 0, 0, 0, 0, 0, 0, 0, 0, 0, 0, 0, 0, 0, 20, 21, 21, 21, 22, 0, 0, 0, 0, 0, 0, 0, 0, 0, 0, 0, 0, 0, 0, 0, 0, 0, 0, 0, 0, 0, 0, 0, 0, 20, 21, 22, 0, 0, 0, 0, 0, 0, 0, 0, 0, 0, 0, 0, 0, 0, 0, 0, 20, 21, 21, 21, 22, 0, 0, 0, 0, 0, 0, 0, 0, 0, 0, 0, 0, 0, 0, 0, 0, 0, 0, 0, 0, 0, 0, 177, 0, 20, 21, 22, 0, 0, 0, 0, 0, 0, 0, 0, 0, 0, 0, 0, 0, 0, 0, 0, 0, 0, 0, 0, 0, 0, 0, 0, 0, 0, 0, 0, 0, 0, 0, 0, 0, 0, 0, 0, 0, 0, 0, 0, 0, 0, 0, 0, 0, 0, 0, 0, 0, 0, 0, 0, 0, 0, 0, 0, 0, 0, 0, 0, 0, 0, 0, 0, 0, 0, 0, 0, 0, 0, 0, 0, 0, 0, 0, 0, 0, 0, 0, 0, 0, 0, 0, 0, 0, 0, 0, 0, 0, 0, 0, 0, 0, 0, 0, 0, 0, 0, 0, 0, 0, 0, 0, 0, 0, 0, 0, 0, 0, 0, 0, 0, 0, 0, 0, 0, 0, 0, 0, 0, 0, 0, 0, 0, 0, 0, 0, 0, 0, 0, 0, 0, 0, 0, 0, 0, 0, 0, 0, 0, 0, 0, 0, 0, 0, 0, 0, 0, 0, 0, 0, 0, 0, 0, 0, 0, 0, 0, 0, 0, 0, 0, 0, 0, 0, 0, 0, 0, 0, 0, 0, 0, 0, 0, 0, 0, 0, 0, 0, 0, 0, 0, 0, 0, 0, 0, 0, 0, 0, 0, 0, 0, 0, 0, 0, 0, 0, 72, 72, 0, 0, 0, 0, 0, 0, 0, 0, 177, 0, 0, 0, 0, 0, 0, 0, 0, 0, 0, 0, 0, 0, 0, 0, 0, 0, 0, 0, 0, 0, 0, 0, 0, 0, 0, 0, 0, 0, 0, 0, 0, 0, 0, 0, 0, 0, 0, 0, 0, 0, 0, 0, 0, 0, 0, 0, 0, 0, 0, 0, 0, 0, 0, 0, 0, 0, 0, 0, 0, 0, 0, 0, 0, 0, 0, 0, 0, 0, 0, 0, 0, 0, 0, 0, 0, 0, 0, 0, 0, 0, 0, 0, 0, 0, 0, 0, 0, 0, 0, 0, 0, 0, 0, 0, 0, 0, 0, 0, 0, 0, 0, 0, 0, 0, 0, 0, 0, 0, 0, 0, 0, 0, 0, 0, 0, 0, 0, 0, 0, 0, 0, 0, 0, 0, 0, 0, 0, 0, 0, 0, 0, 0, 0, 0, 0, 0, 0, 0, 0, 0, 0, 0, 0, 0, 0, 0, 0, 0, 0, 0, 0, 0, 0, 0, 0, 0, 0, 0, 0, 0, 0, 0, 0, 0, 0, 0, 0, 0, 0, 0, 0, 0, 0, 0, 0, 0, 0, 0, 0, 0, 0, 0, 0, 0, 0, 0, 0, 0, 0, 0, 0, 0, 0, 0, 0, 0, 0, 0, 0, 72, 72, 72, 0, 0, 0, 0, 0, 0, 0, 0, 177, 0, 0, 0, 0, 0, 0, 0, 0, 0, 0, 0, 0, 0, 0, 0, 0, 0, 0, 0, 0, 0, 0, 0, 0, 0, 0, 0, 0, 0, 0, 0, 0, 0, 0, 0, 0, 0, 0, 0, 0, 0, 0, 0, 0, 0, 0, 0, 0, 0, 0, 0, 0, 0, 0, 0, 0, 0, 0, 0, 0, 0, 0, 0, 0, 0, 0, 0, 0, 0, 0, 0, 0, 0, 0, 0, 0, 0, 0, 0, 0, 0, 0, 0, 0, 0, 0, 0, 0, 0, 0, 0, 0, 0, 0, 0, 0, 0, 0, 0, 0, 0, 0, 0, 0, 0, 0, 0, 0, 0, 0, 0, 0, 0, 0, 0, 0, 0, 0, 0, 0, 0, 0, 0, 0, 0, 0, 0, 0, 0, 0, 0, 0, 0, 0, 0, 0, 0, 0, 0, 0, 0, 0, 0, 0, 0, 0, 0, 0, 0, 0, 0, 0, 0, 0, 0, 0, 0, 0, 0, 0, 0, 0, 0, 0, 0, 0, 0, 0, 0, 0, 0, 0, 0, 0, 0, 0, 0, 0, 0, 0, 0, 0, 0, 0, 0, 0, 0, 0, 0, 0, 0, 0, 0, 0, 0, 0, 0, 0, 0, 72, 72, 72, 72, 0, 0, 0, 0, 0, 0, 0, 0, 177, 0, 0, 0, 0, 0, 0, 0, 0, 0, 0, 0, 0, 0, 0, 0, 0, 0, 0, 0, 0, 0, 0, 0, 0, 0, 0, 0, 0, 0, 0, 0, 0, 0, 0, 0, 0, 0, 0, 0, 0, 0, 0, 0, 0, 0, 0, 0, 0, 0, 0, 0, 0, 0, 0, 0, 0, 0, 0, 0, 0, 0, 0, 0, 0, 0, 0, 0, 0, 0, 0, 0, 0, 0, 0, 0, 0, 0, 0, 0, 0, 0, 0, 0, 0, 0, 0, 0, 0, 0, 0, 0, 0, 0, 0, 0, 0, 0, 0, 0, 0, 0, 0, 0, 0, 0, 0, 0, 0, 0, 0, 0, 0, 0, 0, 0, 0, 0, 0, 0, 0, 0, 0, 0, 0, 0, 0, 0, 0, 0, 0, 0, 0, 0, 0, 0, 0, 0, 0, 0, 0, 0, 0, 0, 0, 0, 0, 0, 0, 0, 0, 0, 0, 0, 0, 0, 0, 0, 0, 0, 0, 0, 0, 0, 0, 0, 0, 0, 0, 0, 0, 0, 0, 0, 0, 0, 0, 0, 0, 0, 0, 0, 0, 0, 0, 0, 0, 0, 0, 0, 0, 0, 0, 0, 0, 0, 0, 0, 0, 72, 72, 72, 72, 72, 0, 0, 0, 0, 0, 0, 0, 0, 177, 0, 0, 0, 0, 15, 15, 15, 0, 0, 0, 0, 0, 0, 0, 0, 0, 0, 0, 0, 0, 0, 0, 0, 0, 0, 0, 0, 0, 0, 0, 0, 0, 0, 0, 0, 0, 0, 0, 0, 0, 0, 0, 0, 0, 0, 0, 0, 0, 0, 0, 0, 0, 0, 0, 0, 0, 0, 0, 0, 115, 116, 0, 0, 0, 0, 0, 0, 0, 0, 0, 115, 116, 0, 0, 0, 0, 0, 0, 0, 0, 0, 0, 0, 0, 0, 0, 0, 0, 0, 0, 0, 0, 0, 0, 0, 0, 0, 0, 0, 0, 0, 0, 0, 0, 0, 0, 0, 0, 0, 0, 0, 0, 0, 0, 0, 0, 0, 0, 0, 0, 0, 0, 0, 0, 0, 0, 0, 0, 0, 0, 0, 0, 0, 0, 0, 0, 0, 0, 0, 0, 0, 0, 0, 0, 0, 0, 0, 0, 0, 0, 72, 0, 0, 72, 0, 0, 0, 0, 0, 0, 0, 0, 0, 0, 72, 72, 0, 0, 72, 0, 0, 0, 0, 0, 0, 0, 0, 0, 0, 0, 0, 0, 0, 0, 0, 0, 0, 0, 0, 0, 0, 0, 0, 0, 0, 0, 0, 72, 72, 72, 72, 72, 72, 0, 0, 0, 0, 0, 0, 0, 0, 177, 0, 0, 0, 0, 31, 8, 47, 0, 0, 0, 0, 0, 0, 0, 0, 2, 0, 0, 0, 0, 0, 0, 0, 0, 0, 0, 0, 0, 0, 0, 0, 0, 0, 0, 0, 0, 0, 0, 0, 0, 0, 0, 0, 0, 0, 0, 0, 0, 0, 0, 0, 115, 116, 0, 0, 0, 0, 0, 0, 131, 132, 0, 0, 2, 0, 0, 0, 0, 0, 0, 131, 132, 0, 0, 0, 0, 0, 0, 0, 0, 0, 0, 0, 0, 0, 0, 0, 0, 0, 0, 0, 0, 0, 0, 0, 0, 0, 0, 0, 0, 0, 0, 0, 0, 0, 0, 0, 0, 0, 0, 0, 2, 0, 0, 0, 0, 0, 0, 0, 0, 0, 0, 0, 0, 0, 0, 0, 0, 0, 0, 0, 0, 0, 0, 0, 0, 0, 0, 0, 0, 0, 0, 0, 0, 0, 0, 0, 0, 0, 72, 72, 0, 0, 72, 72, 0, 0, 0, 0, 2, 0, 0, 0, 72, 72, 72, 0, 0, 72, 72, 0, 0, 0, 0, 0, 0, 0, 0, 0, 0, 0, 0, 0, 0, 0, 0, 0, 0, 0, 0, 0, 0, 0, 0, 0, 0, 72, 72, 72, 72, 72, 72, 72, 0, 0, 0, 0, 2, 0, 0, 0, 177, 0, 0, 0, 15, 63, 63, 63, 15, 0, 0, 0, 0, 0, 0, 17, 18, 19, 0, 0, 0, 0, 0, 0, 0, 0, 0, 0, 0, 0, 0, 2, 0, 0, 0, 0, 0, 0, 0, 0, 0, 0, 115, 116, 0, 0, 0, 0, 0, 0, 0, 0, 131, 132, 0, 0, 0, 0, 0, 0, 131, 132, 0, 17, 18, 19, 0, 0, 0, 0, 0, 131, 132, 0, 0, 0, 0, 0, 0, 2, 0, 0, 0, 0, 0, 0, 0, 0, 0, 0, 0, 0, 0, 0, 0, 0, 0, 0, 0, 0, 0, 0, 0, 0, 0, 0, 0, 0, 0, 0, 0, 17, 18, 19, 0, 0, 0, 0, 0, 0, 0, 0, 0, 0, 0, 0, 0, 2, 0, 0, 0, 0, 0, 0, 0, 0, 0, 0, 0, 0, 0, 0, 0, 0, 0, 0, 0, 0, 0, 72, 72, 72, 0, 0, 72, 72, 72, 0, 0, 17, 18, 19, 0, 72, 72, 72, 72, 0, 0, 72, 72, 72, 0, 0, 0, 2, 0, 115, 116, 0, 0, 0, 0, 0, 0, 0, 0, 0, 0, 0, 0, 0, 0, 115, 116, 0, 72, 72, 72, 72, 72, 72, 72, 72, 0, 0, 0, 17, 18, 19, 0, 0, 177, 0, 0, 0, 8, 8, 79, 8, 8, 0, 0, 2, 0, 0, 17, 18, 1, 18, 19, 0, 0, 0, 0, 0, 0, 68, 69, 69, 69, 70, 17, 18, 19, 0, 0, 0, 0, 68, 69, 70, 0, 0, 131, 132, 0, 0, 0, 0, 0, 0, 0, 0, 131, 132, 0, 68, 69, 69, 70, 0, 131, 132, 17, 18, 1, 18, 19, 0, 0, 0, 0, 131, 132, 68, 69, 69, 69, 70, 17, 18, 19, 0, 0, 0, 0, 68, 69, 70, 0, 0, 0, 0, 0, 0, 0, 0, 0, 0, 0, 0, 0, 0, 0, 68, 69, 69, 70, 0, 0, 0, 17, 18, 1, 18, 19, 0, 0, 0, 0, 0, 0, 68, 69, 69, 69, 70, 17, 18, 19, 0, 0, 0, 0, 68, 69, 70, 0, 0, 0, 0, 0, 0, 0, 0, 0, 0, 0, 0, 72, 72, 72, 72, 69, 69, 72, 72, 72, 72, 17, 18, 1, 18, 72, 72, 72, 72, 72, 0, 0, 72, 72, 72, 72, 70, 17, 18, 19, 131, 132, 0, 0, 68, 69, 70, 0, 0, 0, 0, 0, 0, 0, 0, 0, 131, 132, 72, 72, 72, 72, 72, 72, 72, 72, 72, 0, 0, 17, 18, 1, 18, 19, 0, 72, 0, 0, 0, 8, 8, 103, 8, 8, 70, 17, 18, 19, 0, 56, 56, 56, 56, 56, 56, 56, 56, 56, 56, 56, 56, 56, 56, 56, 56, 56, 56, 56, 56, 56, 56, 56, 56, 56, 56, 56, 56, 56, 56, 56, 56, 56, 56, 56, 56, 56, 56, 56, 56, 56, 56, 56, 56, 56, 56, 56, 56, 56, 56, 56, 56, 56, 56, 56, 56, 56, 56, 56, 56, 56, 56, 56, 56, 56, 56, 56, 56, 56, 0, 0, 56, 56, 56, 56, 56, 56, 56, 56, 56, 56, 56, 56, 56, 56, 56, 0, 0, 0, 56, 56, 56, 56, 56, 56, 56, 56, 56, 56, 56, 56, 56, 56, 56, 56, 56, 56, 56, 56, 56, 56, 56, 56, 56, 56, 56, 56, 56, 56, 56, 56, 56, 56, 56, 56, 56, 56, 56, 56, 56, 56, 56, 56, 56, 56, 56, 56, 56, 56, 56, 56, 56, 56, 56, 56, 56, 56, 56, 56, 56, 56, 56, 56, 0, 0, 56, 56, 56, 56, 56, 56, 56, 56, 56, 56, 56, 56, 56, 56, 56, 56, 56, 56, 56, 56, 56, 56, 56, 56, 56, 56, 56, 56, 56, 56, 56, 56, 56, 56, 56, 56, 56, 56, 56, 56, 56, 56, 56, 56, 56, 56, 56, 56, 56, 56, 56, 56, 56, 56, 56, 56, 56, 56, 56, 56, 56, 56, 56, 56, 56, 56, 56, 56, 56, 56, 56, 56, 56, 56, 56, 56, 56, 56, 56, 56, 56, 56, 56, 56, 56, 56, 56, 56, 56, 56, 56, 56, 56, 56, 56, 56, 56, 56, 56, 56, 56, 56, 56, 56, 56, 56, 56, 56, 56, 56, 56, 56, 56, 56, 56, 56, 56, 56, 56, 56, 56, 56, 56, 56, 56, 56, 0, 0, 56, 56, 56, 56, 56, 56, 56, 56, 56, 56, 56, 56, 56, 56, 56, 0, 0, 0, 56, 56, 56, 56, 56, 56, 56, 56, 56, 56, 56, 56, 56, 56, 56, 56, 56, 56, 56, 56, 56, 56, 56, 56, 56, 56, 56, 56, 56, 56, 56, 56, 56, 56, 56, 56, 56, 56, 56, 56, 56, 56, 56, 56, 56, 56, 56, 56, 56, 56, 56, 56, 56, 56, 56, 56, 56, 56, 56, 56, 56, 56, 56, 56, 0, 0, 56, 56, 56, 56, 56, 56, 56, 56, 56, 56, 56, 56, 56, 56, 56, 56, 56, 56, 56, 56, 56, 56, 56, 56, 56, 56, 56, 56, 56, 56, 56, 56, 56, 56, 56, 56, 56, 56, 56, 56, 56, 56, 56, 56, 56, 56, 56, 56, 56, 56, 56, 56, 56, 56, 56, 56, 56],
         "height":14,
         "id":1,
         "name":"Tiles",
         "opacity":1,
         "type":"tilelayer",
         "visible":true,
         "width":212,
         "x":0,
         "y":0
        }, 
        {
         "data":[0, 0, 0, 0, 0, 0, 0, 0, 0, 0, 0, 0, 0, 0, 0, 0, 0, 0, 0, 0, 0, 0, 0, 0, 0, 0, 0, 0, 0, 0, 0, 0, 0, 0, 0, 0, 0, 0, 0, 0, 0, 0, 0, 0, 0, 0, 0, 0, 0, 0, 0, 0, 0, 0, 0, 0, 0, 0, 0, 0, 0, 0, 0, 0, 0, 0, 0, 0, 0, 0, 0, 0, 0, 0, 0, 0, 0, 0, 0, 0, 0, 0, 0, 0, 0, 0, 0, 0, 0, 0, 0, 0, 0, 0, 0, 0, 0, 0, 0, 0, 0, 0, 0, 0, 0, 0, 0, 0, 0, 0, 0, 0, 0, 0, 0, 0, 0, 0, 0, 0, 0, 0, 0, 0, 0, 0, 0, 0, 0, 0, 0, 0, 0, 0, 0, 0, 0, 0, 0, 0, 0, 0, 0, 0, 0, 0, 0, 0, 0, 0, 0, 0, 0, 0, 0, 0, 0, 0, 0, 0, 0, 0, 0, 0, 0, 0, 0, 0, 0, 0, 0, 0, 0, 0, 0, 0, 0, 0, 0, 0, 0, 0, 0, 0, 0, 0, 0, 0, 0, 0, 0, 0, 0, 0, 0, 0, 0, 0, 0, 0, 0, 0, 0, 0, 0, 0, 0, 0, 0, 0, 0, 0, 0, 0, 0, 0, 0, 0, 0, 0, 0, 0, 0, 0, 0, 0, 0, 0, 0, 0, 0, 0, 0, 0, 0, 0, 0, 0, 0, 0, 0, 0, 0, 0, 0, 0, 0, 0, 0, 0, 0, 0, 0, 0, 0, 0, 0, 0, 0, 0, 0, 0, 0, 0, 0, 0, 0, 0, 0, 0, 0, 0, 0, 0, 0, 0, 0, 0, 0, 0, 0, 0, 0, 0, 0, 0, 0, 0, 0, 0, 0, 0, 0, 0, 0, 0, 0, 0, 0, 0, 0, 0, 0, 0, 0, 0, 0, 0, 0, 0, 0, 0, 0, 0, 0, 0, 0, 0, 0, 0, 0, 0, 0, 0, 0, 0, 0, 0, 0, 0, 0, 0, 0, 0, 0, 0, 0, 0, 0, 0, 0, 0, 0, 0, 0, 0, 0, 0, 0, 0, 0, 0, 0, 0, 0, 0, 0, 0, 0, 0, 0, 0, 0, 0, 0, 0, 0, 0, 0, 0, 0, 0, 0, 0, 0, 0, 0, 0, 0, 0, 0, 0, 0, 0, 0, 0, 0, 0, 0, 0, 0, 0, 0, 0, 0, 0, 0, 0, 0, 0, 0, 0, 0, 0, 0, 0, 0, 0, 0, 0, 0, 0, 0, 0, 0, 0, 0, 0, 0, 0, 0, 0, 0, 0, 0, 0, 0, 0, 0, 0, 0, 0, 0, 0, 0, 0, 0, 0, 0, 0, 0, 0, 0, 0, 0, 0, 0, 0, 0, 0, 0, 0, 0, 0, 0, 0, 0, 0, 0, 0, 0, 0, 0, 0, 0, 0, 0, 0, 0, 0, 0, 0, 0, 0, 0, 0, 0, 0, 0, 0, 0, 0, 0, 0, 0, 0, 0, 0, 0, 0, 0, 0, 0, 0, 0, 0, 0, 0, 0, 0, 0, 0, 0, 0, 0, 0, 0, 0, 0, 0, 0, 0, 0, 0, 0, 0, 0, 0, 0, 0, 0, 0, 0, 0, 0, 0, 0, 0, 0, 0, 0, 0, 0, 0, 0, 0, 0, 0, 0, 0, 0, 0, 0, 0, 0, 0, 0, 0, 0, 0, 0, 0, 0, 0, 0, 0, 0, 0, 0, 0, 0, 0, 0, 0, 0, 0, 0, 0, 0, 0, 0, 0, 0, 0, 0, 0, 0, 0, 0, 0, 0, 0, 0, 0, 0, 0, 0, 0, 0, 0, 0, 0, 0, 0, 0, 0, 0, 0, 0, 0, 0, 0, 0, 0, 0, 0, 0, 0, 0, 0, 0, 0, 0, 0, 0, 0, 0, 0, 0, 0, 0, 0, 0, 0, 0, 0, 0, 0, 0, 0, 0, 0, 0, 0, 0, 0, 0, 0, 0, 0, 0, 0, 0, 0, 0, 0, 0, 0, 0, 0, 0, 0, 0, 0, 0, 0, 0, 0, 0, 0, 0, 0, 0, 0, 0, 0, 0, 0, 0, 0, 0, 0, 0, 0, 0, 0, 0, 0, 0, 0, 0, 0, 0, 0, 0, 0, 0, 0, 0, 0, 0, 0, 0, 0, 0, 0, 0, 0, 0, 0, 0, 0, 0, 0, 0, 0, 0, 0, 0, 0, 0, 0, 0, 0, 0, 0, 0, 0, 0, 0, 0, 0, 0, 0, 0, 0, 0, 0, 0, 0, 0, 0, 0, 0, 0, 0, 0, 0, 0, 0, 0, 0, 0, 0, 0, 0, 0, 0, 0, 0, 0, 0, 0, 0, 0, 0, 0, 0, 0, 0, 0, 0, 0, 0, 0, 0, 0, 0, 0, 0, 0, 0, 0, 0, 0, 0, 0, 0, 0, 0, 0, 0, 0, 0, 0, 0, 0, 0, 0, 0, 0, 0, 0, 0, 0, 0, 0, 0, 0, 0, 0, 0, 0, 0, 0, 0, 0, 0, 0, 0, 0, 0, 0, 0, 0, 0, 0, 0, 0, 0, 0, 0, 0, 0, 0, 0, 0, 0, 0, 0, 0, 0, 0, 0, 0, 0, 0, 0, 0, 0, 0, 0, 0, 0, 0, 0, 0, 0, 0, 0, 0, 0, 0, 0, 0, 0, 0, 0, 0, 0, 0, 0, 0, 0, 0, 0, 0, 0, 0, 0, 0, 0, 0, 0, 0, 0, 0, 0, 0, 0, 0, 0, 0, 0, 0, 0, 0, 0, 0, 0, 0, 0, 0, 0, 0, 0, 0, 0, 0, 0, 0, 0, 0, 0, 0, 0, 0, 0, 0, 0, 0, 0, 0, 0, 0, 0, 0, 0, 0, 0, 0, 0, 0, 0, 0, 0, 0, 0, 0, 0, 0, 0, 0, 0, 0, 0, 0, 0, 0, 0, 0, 0, 0, 0, 0, 0, 0, 0, 0, 0, 0, 0, 0, 0, 0, 0, 0, 0, 0, 0, 0, 0, 0, 0, 0, 0, 0, 0, 0, 0, 0, 0, 0, 0, 0, 0, 0, 0, 0, 0, 0, 0, 0, 0, 0, 0, 0, 0, 0, 0, 0, 0, 0, 0, 0, 0, 0, 0, 0, 0, 0, 0, 0, 0, 0, 0, 0, 0, 0, 0, 0, 0, 0, 0, 0, 0, 0, 0, 0, 0, 0, 0, 0, 0, 0, 0, 0, 0, 0, 0, 0, 0, 0, 0, 0, 0, 103, 103, 0, 0, 0, 0, 0, 0, 0, 0, 0, 0, 0, 0, 0, 0, 0, 0, 0, 0, 0, 0, 0, 0, 0, 0, 0, 0, 0, 0, 0, 0, 0, 0, 0, 0, 0, 0, 0, 0, 0, 0, 0, 0, 0, 0, 0, 0, 0, 0, 0, 0, 0, 0, 0, 0, 0, 0, 0, 0, 0, 0, 0, 0, 0, 0, 0, 0, 0, 0, 0, 0, 0, 0, 0, 0, 0, 0, 0, 0, 0, 0, 0, 0, 0, 0, 0, 0, 0, 0, 0, 0, 0, 0, 0, 0, 0, 0, 0, 0, 0, 0, 0, 0, 0, 0, 0, 0, 0, 0, 0, 0, 0, 0, 0, 0, 0, 0, 0, 0, 0, 0, 0, 0, 0, 0, 0, 0, 0, 0, 0, 0, 0, 0, 0, 0, 0, 0, 0, 0, 0, 0, 0, 0, 0, 0, 0, 0, 0, 0, 0, 0, 0, 0, 0, 0, 0, 0, 0, 0, 0, 0, 0, 0, 0, 0, 0, 0, 0, 0, 0, 0, 0, 0, 0, 0, 0, 0, 0, 0, 0, 0, 0, 0, 0, 0, 0, 0, 0, 0, 0, 0, 0, 0, 0, 0, 0, 0, 0, 0, 0, 0, 0, 0, 0, 0, 0, 0, 0, 0, 0, 103, 103, 103, 0, 0, 0, 0, 0, 0, 0, 0, 0, 0, 0, 0, 0, 0, 0, 0, 0, 0, 0, 0, 0, 0, 0, 0, 0, 0, 0, 0, 0, 0, 0, 0, 0, 0, 0, 0, 0, 0, 0, 0, 0, 0, 0, 0, 0, 0, 0, 0, 0, 0, 0, 0, 0, 0, 0, 0, 0, 0, 0, 0, 0, 0, 0, 0, 0, 0, 0, 0, 0, 0, 0, 0, 0, 0, 0, 0, 0, 0, 0, 0, 0, 0, 0, 0, 0, 0, 0, 0, 0, 0, 0, 0, 0, 0, 0, 0, 0, 0, 0, 0, 0, 0, 0, 0, 0, 0, 0, 0, 0, 0, 0, 0, 0, 0, 0, 0, 0, 0, 0, 0, 0, 0, 0, 0, 0, 0, 0, 0, 0, 0, 0, 0, 0, 0, 0, 0, 0, 0, 0, 0, 0, 0, 0, 0, 0, 0, 0, 0, 0, 0, 0, 0, 0, 0, 0, 0, 0, 0, 0, 0, 0, 0, 0, 0, 0, 0, 0, 0, 0, 0, 0, 0, 0, 0, 0, 0, 0, 0, 0, 0, 0, 0, 0, 0, 0, 0, 0, 0, 0, 0, 0, 0, 0, 0, 0, 0, 0, 0, 0, 0, 0, 0, 0, 0, 0, 0, 0, 0, 103, 103, 103, 103, 0, 0, 0, 0, 0, 0, 0, 0, 0, 0, 0, 0, 0, 0, 0, 0, 0, 0, 0, 0, 0, 0, 0, 0, 0, 0, 0, 0, 0, 0, 0, 0, 0, 0, 0, 0, 0, 0, 0, 0, 0, 0, 0, 0, 0, 0, 0, 0, 0, 0, 0, 0, 0, 0, 0, 0, 0, 0, 0, 0, 0, 0, 0, 0, 0, 0, 0, 0, 0, 0, 0, 0, 0, 0, 0, 0, 0, 0, 0, 0, 0, 0, 0, 0, 0, 0, 0, 0, 0, 0, 0, 0, 0, 0, 0, 0, 0, 0, 0, 0, 0, 0, 0, 0, 0, 0, 0, 0, 0, 0, 0, 0, 0, 0, 0, 0, 0, 0, 0, 0, 0, 0, 0, 0, 0, 0, 0, 0, 0, 0, 0, 0, 0, 0, 0, 0, 0, 0, 0, 0, 0, 0, 0, 0, 0, 0, 0, 0, 0, 0, 0, 0, 0, 0, 0, 0, 0, 0, 0, 0, 0, 0, 0, 0, 0, 0, 0, 0, 0, 0, 0, 0, 0, 0, 0, 0, 0, 0, 0, 0, 0, 0, 0, 0, 0, 0, 0, 0, 0, 0, 0, 0, 0, 0, 0, 0, 0, 0, 0, 0, 0, 0, 0, 0, 0, 0, 0, 103, 103, 103, 103, 103, 0, 0, 0, 0, 0, 0, 0, 0, 0, 0, 0, 0, 0, 0, 0, 0, 0, 0, 0, 0, 0, 0, 0, 0, 0, 0, 0, 0, 0, 0, 0, 0, 0, 0, 0, 0, 0, 0, 0, 0, 0, 0, 0, 0, 0, 0, 0, 0, 0, 0, 0, 0, 0, 0, 0, 0, 0, 0, 0, 0, 0, 0, 0, 0, 0, 0, 0, 0, 103, 103, 0, 0, 0, 0, 0, 0, 0, 0, 0, 103, 103, 0, 0, 0, 0, 0, 0, 0, 0, 0, 0, 0, 0, 0, 0, 0, 0, 0, 0, 0, 0, 0, 0, 0, 0, 0, 0, 0, 0, 0, 0, 0, 0, 0, 0, 0, 0, 0, 0, 0, 0, 0, 0, 0, 0, 0, 0, 0, 0, 0, 0, 0, 0, 0, 0, 0, 0, 0, 0, 0, 0, 0, 0, 0, 0, 0, 0, 0, 0, 0, 0, 0, 0, 0, 0, 0, 0, 0, 0, 103, 0, 0, 103, 0, 0, 0, 0, 0, 0, 0, 0, 0, 0, 103, 103, 0, 0, 103, 0, 0, 0, 0, 0, 0, 0, 0, 0, 0, 0, 0, 0, 0, 0, 0, 0, 0, 0, 0, 0, 0, 0, 0, 0, 0, 0, 0, 103, 103, 103, 103, 103, 103, 0, 0, 0, 0, 0, 0, 0, 0, 0, 0, 0, 0, 0, 0, 0, 0, 0, 0, 0, 0, 0, 0, 0, 0, 0, 0, 0, 0, 0, 0, 0, 0, 0, 0, 0, 0, 0, 0, 0, 0, 0, 0, 0, 0, 0, 0, 0, 0, 0, 0, 0, 0, 0, 0, 0, 0, 0, 0, 0, 0, 103, 103, 0, 0, 0, 0, 0, 0, 103, 103, 0, 0, 0, 0, 0, 0, 0, 0, 0, 103, 103, 0, 0, 0, 0, 0, 0, 0, 0, 0, 0, 0, 0, 0, 0, 0, 0, 0, 0, 0, 0, 0, 0, 0, 0, 0, 0, 0, 0, 0, 0, 0, 0, 0, 0, 0, 0, 0, 0, 0, 0, 0, 0, 0, 0, 0, 0, 0, 0, 0, 0, 0, 0, 0, 0, 0, 0, 0, 0, 0, 0, 0, 0, 0, 0, 0, 0, 0, 0, 0, 0, 0, 0, 0, 0, 0, 0, 0, 103, 103, 0, 0, 103, 103, 0, 0, 0, 0, 0, 0, 0, 0, 103, 103, 103, 0, 0, 103, 103, 0, 0, 0, 0, 0, 0, 0, 0, 0, 0, 0, 0, 0, 0, 0, 0, 0, 0, 0, 0, 0, 0, 0, 0, 0, 0, 103, 103, 103, 103, 103, 103, 103, 0, 0, 0, 0, 0, 0, 0, 0, 0, 0, 0, 0, 0, 0, 0, 0, 0, 0, 0, 0, 0, 0, 0, 0, 0, 0, 0, 0, 0, 0, 0, 0, 0, 0, 0, 0, 0, 0, 0, 0, 0, 0, 0, 0, 0, 0, 0, 0, 0, 0, 103, 103, 0, 0, 0, 0, 0, 0, 0, 0, 103, 103, 0, 0, 0, 0, 0, 0, 103, 103, 0, 0, 0, 0, 0, 0, 0, 0, 0, 103, 103, 0, 0, 0, 0, 0, 0, 0, 0, 0, 0, 0, 0, 0, 0, 0, 0, 0, 0, 0, 0, 0, 0, 0, 0, 0, 0, 0, 0, 0, 0, 0, 0, 0, 0, 0, 0, 0, 0, 0, 0, 0, 0, 0, 0, 0, 0, 0, 0, 0, 0, 0, 0, 0, 0, 0, 0, 0, 0, 0, 0, 0, 0, 0, 0, 0, 0, 0, 0, 0, 0, 0, 0, 0, 0, 0, 0, 103, 103, 103, 0, 0, 103, 103, 103, 0, 0, 0, 0, 0, 0, 103, 103, 103, 103, 0, 0, 103, 103, 103, 0, 0, 0, 0, 0, 103, 103, 0, 0, 0, 0, 0, 0, 0, 0, 0, 0, 0, 0, 0, 0, 103, 103, 0, 103, 103, 103, 103, 103, 103, 103, 103, 0, 0, 0, 0, 0, 0, 0, 0, 0, 0, 0, 0, 0, 0, 0, 0, 0, 0, 0, 0, 0, 0, 0, 0, 0, 0, 0, 0, 0, 0, 0, 0, 0, 0, 0, 0, 0, 0, 0, 0, 0, 0, 0, 0, 0, 0, 0, 0, 0, 0, 103, 103, 0, 0, 0, 0, 0, 0, 0, 0, 103, 103, 0, 0, 0, 0, 0, 0, 103, 103, 0, 0, 0, 0, 0, 0, 0, 0, 0, 103, 103, 0, 0, 0, 0, 0, 0, 0, 0, 0, 0, 0, 0, 0, 0, 0, 0, 0, 0, 0, 0, 0, 0, 0, 0, 0, 0, 0, 0, 0, 0, 0, 0, 0, 0, 0, 0, 0, 0, 0, 0, 0, 0, 0, 0, 0, 0, 0, 0, 0, 0, 0, 0, 0, 0, 0, 0, 0, 0, 0, 0, 0, 0, 0, 0, 0, 0, 0, 0, 0, 0, 0, 0, 0, 0, 0, 103, 103, 103, 103, 0, 0, 103, 103, 103, 103, 0, 0, 0, 0, 103, 103, 103, 103, 103, 0, 0, 103, 103, 103, 103, 0, 0, 0, 0, 103, 103, 0, 0, 0, 0, 0, 0, 0, 0, 0, 0, 0, 0, 0, 0, 103, 103, 103, 103, 103, 103, 103, 103, 103, 103, 103, 0, 0, 0, 0, 0, 0, 0, 0, 103, 0, 0, 0, 0, 0, 0, 0, 0, 0, 0, 0, 0, 0, 103, 103, 103, 103, 103, 103, 103, 103, 103, 103, 103, 103, 103, 103, 103, 103, 103, 103, 103, 103, 103, 103, 103, 103, 103, 103, 103, 103, 103, 103, 103, 103, 103, 103, 103, 103, 103, 103, 103, 103, 103, 103, 103, 103, 103, 103, 103, 103, 103, 103, 103, 103, 103, 103, 103, 103, 103, 103, 103, 103, 103, 103, 103, 103, 103, 103, 103, 103, 103, 0, 0, 103, 103, 103, 103, 103, 103, 103, 103, 103, 103, 103, 103, 103, 103, 103, 0, 0, 0, 103, 103, 103, 103, 103, 103, 103, 103, 103, 103, 103, 103, 103, 103, 103, 103, 103, 103, 103, 103, 103, 103, 103, 103, 103, 103, 103, 103, 103, 103, 103, 103, 103, 103, 103, 103, 103, 103, 103, 103, 103, 103, 103, 103, 103, 103, 103, 103, 103, 103, 103, 103, 103, 103, 103, 103, 103, 103, 103, 103, 103, 103, 103, 103, 0, 0, 103, 103, 103, 103, 103, 103, 103, 103, 103, 103, 103, 103, 103, 103, 103, 103, 103, 103, 103, 103, 103, 103, 103, 103, 103, 103, 103, 103, 103, 103, 103, 103, 103, 103, 103, 103, 103, 103, 103, 103, 103, 103, 103, 103, 103, 103, 103, 103, 103, 103, 103, 103, 103, 103, 103, 103, 103, 103, 103, 103, 103, 103, 103, 103, 103, 103, 103, 103, 103, 103, 103, 103, 103, 103, 103, 103, 103, 103, 103, 103, 103, 103, 103, 103, 103, 103, 103, 103, 103, 103, 103, 103, 103, 103, 103, 103, 103, 103, 103, 103, 103, 103, 103, 103, 103, 103, 103, 103, 103, 103, 103, 103, 103, 103, 103, 103, 103, 103, 103, 103, 103, 103, 103, 103, 103, 103, 0, 0, 103, 103, 103, 103, 103, 103, 103, 103, 103, 103, 103, 103, 103, 103, 103, 0, 0, 0, 103, 103, 103, 103, 103, 103, 103, 103, 103, 103, 103, 103, 103, 103, 103, 103, 103, 103, 103, 103, 103, 103, 103, 103, 103, 103, 103, 103, 103, 103, 103, 103, 103, 103, 103, 103, 103, 103, 103, 103, 103, 103, 103, 103, 103, 103, 103, 103, 103, 103, 103, 103, 103, 103, 103, 103, 103, 103, 103, 103, 103, 103, 103, 103, 0, 0, 103, 103, 103, 103, 103, 103, 103, 103, 103, 103, 103, 103, 103, 103, 103, 103, 103, 103, 103, 103, 103, 103, 103, 103, 103, 103, 103, 103, 103, 103, 103, 103, 103, 103, 103, 103, 103, 103, 103, 103, 103, 103, 103, 103, 103, 103, 103, 103, 103, 103, 103, 103, 103, 103, 103, 103, 103],
         "height":14,
         "id":7,
         "name":"Obstacles",
         "opacity":1,
         "type":"tilelayer",
         "visible":false,
         "width":212,
         "x":0,
         "y":0
        }, 
        {
         "draworder":"topdown",
         "id":8,
         "name":"Objects",
         "objects":[
                {
                 "gid":8,
                 "height":32,
                 "id":2,
                 "name":"",
                 "rotation":0,
                 "type":"3",
                 "visible":true,
                 "width":32,
                 "x":768,
                 "y":288
                }, 
                {
                 "gid":8,
                 "height":32,
                 "id":7,
                 "name":"",
                 "rotation":0,
                 "type":"3",
                 "visible":true,
                 "width":32,
                 "x":704,
                 "y":288
                }, 
                {
                 "gid":8,
                 "height":32,
                 "id":9,
                 "name":"",
                 "rotation":0,
                 "type":"3",
                 "visible":true,
                 "width":32,
                 "x":640,
                 "y":288
                }, 
                {
                 "gid":8,
                 "height":32,
                 "id":10,
                 "name":"",
                 "rotation":0,
                 "type":"3",
                 "visible":true,
                 "width":32,
                 "x":2464,
                 "y":288
                }, 
                {
                 "gid":8,
                 "height":32,
                 "id":12,
                 "name":"",
                 "rotation":0,
                 "type":"3",
                 "visible":true,
                 "width":32,
                 "x":2528,
                 "y":288
                }, 
                {
                 "gid":8,
                 "height":32,
                 "id":13,
                 "name":"",
                 "rotation":0,
                 "type":"3",
                 "visible":true,
                 "width":32,
                 "x":2560,
                 "y":160
                }, 
                {
                 "gid":8,
                 "height":32,
                 "id":14,
                 "name":"",
                 "rotation":0,
                 "type":"3",
                 "visible":true,
                 "width":32,
                 "x":2592,
                 "y":160
                }, 
                {
                 "gid":8,
                 "height":32,
                 "id":15,
                 "name":"",
                 "rotation":0,
                 "type":"3",
                 "visible":true,
                 "width":32,
                 "x":2624,
                 "y":160
                }, 
                {
                 "gid":8,
                 "height":32,
                 "id":16,
                 "name":"",
                 "rotation":0,
                 "type":"3",
                 "visible":true,
                 "width":32,
                 "x":2656,
                 "y":160
                }, 
                {
                 "gid":8,
                 "height":32,
                 "id":17,
                 "name":"",
                 "rotation":0,
                 "type":"3",
                 "visible":true,
                 "width":32,
                 "x":2688,
                 "y":160
                }, 
                {
                 "gid":8,
                 "height":32,
                 "id":18,
                 "name":"",
                 "rotation":0,
                 "type":"3",
                 "visible":true,
                 "width":32,
                 "x":2720,
                 "y":160
                }, 
                {
                 "gid":8,
                 "height":32,
                 "id":19,
                 "name":"",
                 "rotation":0,
                 "type":"3",
                 "visible":true,
                 "width":32,
                 "x":2752,
                 "y":160
                }, 
                {
                 "gid":8,
                 "height":32,
                 "id":20,
                 "name":"",
                 "rotation":0,
                 "type":"3",
                 "visible":true,
                 "width":32,
                 "x":2784,
                 "y":160
                }, 
                {
                 "gid":8,
                 "height":32,
                 "id":21,
                 "name":"",
                 "rotation":0,
                 "type":"3",
                 "visible":true,
                 "width":32,
                 "x":2912,
                 "y":160
                }, 
                {
                 "gid":8,
                 "height":32,
                 "id":22,
                 "name":"",
                 "rotation":0,
                 "type":"3",
                 "visible":true,
                 "width":32,
                 "x":2944,
                 "y":160
                }, 
                {
                 "gid":8,
                 "height":32,
                 "id":23,
                 "name":"",
                 "rotation":0,
                 "type":"3",
                 "visible":true,
                 "width":32,
                 "x":2976,
                 "y":160
                }, 
                {
                 "gid":8,
                 "height":32,
                 "id":25,
                 "name":"",
                 "rotation":0,
                 "type":"3",
                 "visible":true,
                 "width":32,
                 "x":3008,
                 "y":288
                }, 
                {
                 "gid":8,
                 "height":32,
                 "id":26,
                 "name":"",
                 "rotation":0,
                 "type":"3",
                 "visible":true,
                 "width":32,
                 "x":3200,
                 "y":288
                }, 
                {
                 "gid":8,
                 "height":32,
                 "id":27,
                 "name":"",
                 "rotation":0,
                 "type":"3",
                 "visible":true,
                 "width":32,
                 "x":3232,
                 "y":288
                }, 
                {
                 "gid":8,
                 "height":32,
                 "id":32,
                 "name":"",
                 "rotation":0,
                 "type":"3",
                 "visible":true,
                 "width":32,
                 "x":3776,
                 "y":288
                }, 
                {
                 "gid":8,
                 "height":32,
                 "id":33,
                 "name":"",
                 "rotation":0,
                 "type":"3",
                 "visible":true,
                 "width":32,
                 "x":3872,
                 "y":160
                }, 
                {
                 "gid":8,
                 "height":32,
                 "id":34,
                 "name":"",
                 "rotation":0,
                 "type":"3",
                 "visible":true,
                 "width":32,
                 "x":3904,
                 "y":160
                }, 
                {
                 "gid":8,
                 "height":32,
                 "id":35,
                 "name":"",
                 "rotation":0,
                 "type":"3",
                 "visible":true,
                 "width":32,
                 "x":3936,
                 "y":160
                }, 
                {
                 "gid":8,
                 "height":32,
                 "id":36,
                 "name":"",
                 "rotation":0,
                 "type":"3",
                 "visible":true,
                 "width":32,
                 "x":4096,
                 "y":160
                }, 
                {
                 "gid":8,
                 "height":32,
                 "id":39,
                 "name":"",
                 "rotation":0,
                 "type":"3",
                 "visible":true,
                 "width":32,
                 "x":4192,
                 "y":160
                }, 
                {
                 "gid":8,
                 "height":32,
                 "id":40,
                 "name":"",
                 "rotation":0,
                 "type":"3",
                 "visible":true,
                 "width":32,
                 "x":4128,
                 "y":288
                }, 
                {
                 "gid":8,
                 "height":32,
                 "id":41,
                 "name":"",
                 "rotation":0,
                 "type":"3",
                 "visible":true,
                 "width":32,
                 "x":4160,
                 "y":288
                }, 
                {
                 "gid":8,
                 "height":32,
                 "id":42,
                 "name":"",
                 "rotation":0,
                 "type":"3",
                 "visible":true,
                 "width":32,
                 "x":5376,
                 "y":288
                }, 
                {
                 "gid":8,
                 "height":32,
                 "id":43,
                 "name":"",
                 "rotation":0,
                 "type":"3",
                 "visible":true,
                 "width":32,
                 "x":5408,
                 "y":288
                }, 
                {
                 "gid":8,
                 "height":32,
                 "id":45,
                 "name":"",
                 "rotation":0,
                 "type":"3",
                 "visible":true,
                 "width":32,
                 "x":5472,
                 "y":288
                }, 
                {
                 "gid":8,
                 "height":32,
                 "id":70,
                 "name":"",
                 "rotation":0,
                 "type":"4",
                 "visible":true,
                 "width":32,
                 "x":2048,
                 "y":256
                }, 
                {
                 "gid":331,
                 "height":32,
                 "id":72,
                 "name":"mario",
                 "rotation":0,
                 "type":"1",
                 "visible":true,
                 "width":32,
                 "x":80,
                 "y":384
                }, 
                {
                 "gid":11,
                 "height":32,
                 "id":73,
                 "name":"",
                 "rotation":0,
                 "type":"2",
                 "visible":true,
                 "width":32,
                 "x":704,
                 "y":160
                }, 
                {
                 "gid":11,
                 "height":32,
                 "id":75,
                 "name":"",
                 "rotation":0,
                 "type":"2",
                 "visible":true,
                 "width":32,
                 "x":512,
                 "y":288
                }, 
                {
                 "gid":11,
                 "height":32,
                 "id":76,
                 "name":"",
                 "rotation":0,
                 "type":"2",
                 "visible":true,
                 "width":32,
                 "x":672,
                 "y":288
                }, 
                {
                 "gid":11,
                 "height":32,
                 "id":77,
                 "name":"",
                 "rotation":0,
                 "type":"2",
                 "visible":true,
                 "width":32,
                 "x":736,
                 "y":288
                }, 
                {
                 "gid":11,
                 "height":32,
                 "id":78,
                 "name":"",
                 "rotation":0,
                 "type":"2",
                 "visible":true,
                 "width":32,
                 "x":2496,
                 "y":288
                }, 
                {
                 "gid":11,
                 "height":32,
                 "id":79,
                 "name":"",
                 "rotation":0,
                 "type":"2",
                 "visible":true,
                 "width":32,
                 "x":3008,
                 "y":160
                }, 
                {
                 "gid":11,
                 "height":32,
                 "id":80,
                 "name":"",
                 "rotation":0,
                 "type":"2",
                 "visible":true,
                 "width":32,
                 "x":3488,
                 "y":288
                }, 
                {
                 "gid":11,
                 "height":32,
                 "id":81,
                 "name":"",
                 "rotation":0,
                 "type":"2",
                 "visible":true,
                 "width":32,
                 "x":3584,
                 "y":288
                }, 
                {
                 "gid":11,
                 "height":32,
                 "id":82,
                 "name":"",
                 "rotation":0,
                 "type":"2",
                 "visible":true,
                 "width":32,
                 "x":3392,
                 "y":288
                }, 
                {
                 "gid":11,
                 "height":32,
                 "id":83,
                 "name":"",
                 "rotation":0,
                 "type":"2",
                 "visible":true,
                 "width":32,
                 "x":3488,
                 "y":160
                }, 
                {
                 "gid":11,
                 "height":32,
                 "id":84,
                 "name":"",
                 "rotation":0,
                 "type":"2",
                 "visible":true,
                 "width":32,
                 "x":4128,
                 "y":160
                }, 
                {
                 "gid":11,
                 "height":32,
                 "id":85,
                 "name":"",
                 "rotation":0,
                 "type":"2",
                 "visible":true,
                 "width":32,
                 "x":4160,
                 "y":160
                }, 
                {
                 "gid":11,
                 "height":32,
                 "id":86,
                 "name":"",
                 "rotation":0,
                 "type":"2",
                 "visible":true,
                 "width":32,
                 "x":5440,
                 "y":288
                }, 
                {
                 "gid":241,
                 "height":32,
                 "id":87,
                 "name":"",
                 "rotation":0,
                 "type":"6",
                 "visible":true,
                 "width":32,
                 "x":672,
                 "y":384
                }, 
                {
                 "gid":241,
                 "height":32,
                 "id":88,
                 "name":"",
                 "rotation":0,
                 "type":"6",
                 "visible":true,
                 "width":32,
                 "x":1312,
                 "y":384
                }, 
                {
                 "gid":241,
                 "height":32,
                 "id":89,
                 "name":"",
                 "rotation":0,
                 "type":"6",
                 "visible":true,
                 "width":32,
                 "x":1696,
                 "y":384
                }, 
                {
                 "gid":241,
                 "height":32,
                 "id":90,
                 "name":"",
                 "rotation":0,
                 "type":"6",
                 "visible":true,
                 "width":32,
                 "x":1744,
                 "y":384
                }, 
                {
                 "gid":241,
                 "height":32,
                 "id":93,
                 "name":"",
                 "rotation":0,
                 "type":"6",
                 "visible":true,
                 "width":32,
                 "x":2624,
                 "y":128
                }, 
                {
                 "gid":241,
                 "height":32,
                 "id":94,
                 "name":"",
                 "rotation":0,
                 "type":"6",
                 "visible":true,
                 "width":32,
                 "x":2560,
                 "y":128
                }, 
                {
                 "gid":241,
                 "height":32,
                 "id":97,
                 "name":"",
                 "rotation":0,
                 "type":"6",
                 "visible":true,
                 "width":32,
                 "x":3056,
                 "y":384
                }, 
                {
                 "gid":241,
                 "height":32,
                 "id":98,
                 "name":"",
                 "rotation":0,
                 "type":"6",
                 "visible":true,
                 "width":32,
                 "x":3104,
                 "y":384
                }, 
                {
                 "gid":241,
                 "height":32,
                 "id":101,
                 "name":"",
                 "rotation":0,
                 "type":"6",
                 "visible":true,
                 "width":32,
                 "x":3968,
                 "y":384
                }, 
                {
                 "gid":241,
                 "height":32,
                 "id":102,
                 "name":"",
                 "rotation":0,
                 "type":"6",
                 "visible":true,
                 "width":32,
                 "x":4016,
                 "y":384
                }, 
                {
                 "gid":241,
                 "height":32,
                 "id":105,
                 "name":"",
                 "rotation":0,
                 "type":"6",
                 "visible":true,
                 "width":32,
                 "x":4096,
                 "y":384
                }, 
                {
                 "gid":241,
                 "height":32,
                 "id":106,
                 "name":"",
                 "rotation":0,
                 "type":"6",
                 "visible":true,
                 "width":32,
                 "x":4144,
                 "y":384
                }, 
                {
                 "gid":241,
                 "height":32,
                 "id":109,
                 "name":"",
                 "rotation":0,
                 "type":"6",
                 "visible":true,
                 "width":32,
                 "x":5552,
                 "y":384
                }, 
                {
                 "gid":241,
                 "height":32,
                 "id":110,
                 "name":"",
                 "rotation":0,
                 "type":"6",
                 "visible":true,
                 "width":32,
                 "x":5600,
                 "y":384
                }, 
                {
                 "gid":199,
                 "height":32,
                 "id":111,
                 "name":"",
                 "rotation":0,
                 "type":"7",
                 "visible":true,
                 "width":32,
                 "x":3392,
                 "y":352
                }, 
                {
                 "gid":103,
                 "height":352,
                 "id":113,
                 "name":"",
                 "rotation":0,
                 "type":"5",
                 "visible":true,
                 "width":32,
                 "x":6336,
                 "y":352
                }],
         "opacity":1,
         "type":"objectgroup",
         "visible":true,
         "x":0,
         "y":0
        }],
 "nextlayerid":9,
 "nextobjectid":114,
 "orientation":"orthogonal",
 "renderorder":"right-down",
 "tiledversion":"1.2.4",
 "tileheight":32,
 "tilesets":[
        {
         "firstgid":1,
         "source":"TileSet.tsx"
        }],
 "tilewidth":32,
 "type":"map",
 "version":1.2,
 "width":212
}